	word	СМГ Мессояха	СМГ Мессояха_perc	total_count	total_count_perc
0	факт	1581.0	99.1844416562108	7043.0	96.43981925236204
1	план	1580.0	99.12170639899624	6998.0	95.82363412296317
6	шт	1564.0	98.11794228356337	6545.0	89.6207038203478
113	наименование	1554.0	97.49058971141781	2115.0	28.960701081747224
80	всего	1535.0	96.29861982434129	2772.0	37.95700397097083
140	%вып	1528.0	95.8594730238394	1817.0	24.880186224839107
137	откл	1528.0	95.8594730238394	1848.0	25.304669313980554
2	едизм	1514.0	94.98117942283564	6929.0	94.87881692455156
13	заданиенамесяц	1506.0	94.4792973651192	5320.0	72.8467752978228
178	засутки	1500.0	94.10288582183188	1569.0	21.48432151170752
186	года	1495.0	93.7892095357591	1531.0	20.963987402437354
3	№п/п	1488.0	93.35006273525721	6742.0	92.31822538682734
99	выполненосначаламесяца	1486.0	93.2245922208281	2271.0	31.09680953033
110	согласовано:	1477.0	92.65997490589712	2152.0	29.46734218814186
5	итого	1466.0	91.96988707653702	6570.0	89.96302889223607
189	посостояниюна:	1464.0	91.8444165621079	1530.0	20.950294399561827
4	наименованиеработ	1462.0	91.7189460476788	6653.0	91.0995481309051
8	примечание	1459.0	91.53074027603513	6455.0	88.38833356155004
158	данныепофизобъемам	1420.0	89.0840652446675	1703.0	23.31918389702862
9	м3	1408.0	88.33124215809285	6120.0	83.8011775982473
208	замесяц	1405.0	88.14303638644918	1413.0	19.348213063124746
115	техническиересурсы	1398.0	87.70388958594731	2097.0	28.714227029987676
119	людскиересурсы	1393.0	87.39021329987453	2086.0	28.56360399835684
10	м2	1383.0	86.76286072772899	6074.0	83.1712994659729
112	посостояниюна	1379.0	86.51191969887077	2135.0	29.234561139257842
12	м	1369.0	85.88456712672522	5374.0	73.58619745310146
138	кол-водней	1365.0	85.633626097867	1847.0	25.290976311105023
210	%выполненияпопроекту	1360.0	85.31994981179423	1401.0	19.183897028618375
206	генподрядная/субподряднаяорганизация	1358.0	85.19447929736512	1419.0	19.430371080377924
16	бульдозер	1356.0	85.06900878293601	4396.0	60.19444064083254
152	планнадату	1349.0	84.62986198243414	1753.0	24.00383404080515
220	объемпопроекту	1349.0	84.62986198243414	1356.0	18.5677118992195
7	выполненосначаластроительства	1345.0	84.37892095357591	6490.0	88.86758866219363
224	отклонениеотпланапофо	1338.0	83.93977415307403	1338.0	18.321237847459948
225	100%трззамесяц	1338.0	83.93977415307403	1338.0	18.321237847459948
226	трудозатратыпоработеизксг	1338.0	83.93977415307403	1338.0	18.321237847459948
227	факт/план	1336.0	83.81430363864492	1336.0	18.293851841708886
229	комментарийдостаточностьлюдей/техники	1334.0	83.6888331242158	1334.0	18.266465835957828
230	весвидаработот100%плананамесяц	1334.0	83.6888331242158	1334.0	18.266465835957828
66	тн	1333.0	83.62609786700126	3167.0	43.365740106805426
235	выполненосначмесяцаплан(трз)надату	1319.0	82.74780426599749	1319.0	18.061070792824864
236	допработы(титулвподписанномсмготсутствовал)	1319.0	82.74780426599749	1319.0	18.061070792824864
237	выполненосначмесяцафакт(трз)надату	1319.0	82.74780426599749	1319.0	18.061070792824864
42	экскаватор	1316.0	82.55959849435382	4165.0	57.031356976584966
238	комментарийналичиемтр	1315.0	82.49686323713928	1315.0	18.006298781322744
187	%выполненияотплананатекущуюдатусначаластроительства	1312.0	82.3086574654956	1531.0	20.963987402437354
239	фактбездопов	1310.0	82.1831869510665	1310.0	17.93783376694509
61	автокран	1306.0	81.93224592220828	3323.0	45.5018485553882
142	утверждаю:	1300.0	81.55583437892095	1813.0	24.825414213336984
244	выполнениесмг	1298.0	81.43036386449184	1298.0	17.773517732438723
11	%	1295.0	81.24215809284819	5756.0	78.81692455155415
246	фактнадатубездопработ/сдопработами	1293.0	81.11668757841906	1293.0	17.705052718061072
249	физобъем	1273.0	79.86198243412798	1273.0	17.431192660550458
153	началоработпоконтракту	1273.0	79.86198243412798	1741.0	23.839518006298782
157	окончаниеработпоконтракту	1271.0	79.73651191969887	1704.0	23.332876899904146
231	срокивыполненияработпоконтракту:	1244.0	78.04265997490589	1333.0	18.252772833082297
257	проблемныевопросы:	1224.0	76.78795483061481	1224.0	16.76023551964946
240	контракт№	1220.0	76.53701380175659	1305.0	17.86936875256744
58	стропальщик	1219.0	76.47427854454203	3518.0	48.17198411611666
100	монтажметаллоконструкций	1210.0	75.90966122961103	2262.0	30.973572504450225
129	ресурсы	1209.0	75.84692597239649	1886.0	25.82500342325072
131	объемыработпопроекту	1206.0	75.65872020075282	1881.0	25.756538408873062
247	генподряднаяорганизация:	1204.0	75.53324968632371	1289.0	17.65028070655895
213	идентификаторguid	1185.0	74.34127979924718	1395.0	19.101739011365193
242	бензовоз	1183.0	74.21580928481806	1302.0	17.828289743940847
233	начальникукс	1180.0	74.0276035131744	1330.0	18.2116938244557
101	монтажтрубопроводов	1174.0	73.65119196988708	2249.0	30.795563467068327
272	сводкаповыполнениюстрительно-монтажныхработ	1164.0	73.02383939774153	1164.0	15.938655347117622
102	самосвал	1160.0	72.7728983688833	2231.0	30.549089415308778
260	вахтовыйавтобус	1157.0	72.58469259723965	1211.0	16.58222648226756
261	выполненоранее	1155.0	72.45922208281054	1210.0	16.56853347939203
181	фио	1155.0	72.45922208281054	1554.0	21.278926468574557
192	трубоукладчик	1149.0	72.08281053952321	1510.0	20.676434342051213
92	занеделю	1141.0	71.58092848180677	2439.0	33.397234013419144
93	изолировщик	1139.0	71.45545796737767	2430.0	33.27399698753937
184	тел	1135.0	71.20451693851945	1533.0	20.991373408188416
185	e-mail	1135.0	71.20451693851945	1533.0	20.991373408188416
273	прочиеработы	1133.0	71.07904642409034	1159.0	15.87019033273997
274	механизатор	1121.0	70.32622333751569	1157.0	15.842804326988908
132	маляр	1116.0	70.01254705144291	1872.0	25.633301382993288
283	видработ(физика)	1105.0	69.32245922208281	1137.0	15.568944269478296
290	%выполненияплана(фо)	1104.0	69.25972396486826	1104.0	15.117075174585787
292	"ао""евракор"""	1098.0	68.88331242158094	1098.0	15.034917157332602
296	планнадату(фо)	1095.0	68.69510664993726	1095.0	14.993838148706013
295	фактнадату(фо)	1095.0	68.69510664993726	1095.0	14.993838148706013
304	отклонениев%отплананадату	1089.0	68.31869510664994	1089.0	14.911680131452828
305	выполненосначмесяцафакт(фо)	1089.0	68.31869510664994	1089.0	14.911680131452828
303	выполненосначмесяцаплан(фо)	1089.0	68.31869510664994	1089.0	14.911680131452828
306	"ооо""велесстрой"""	1088.0	68.25595984943538	1088.0	14.897987128577297
308	заданиесмготобщегообъемаработ	1086.0	68.13048933500627	1086.0	14.870601122826235
194	ответственныезапредставленнуюинформацию:	1086.0	68.13048933500627	1499.0	20.525811310420377
288	отподрядчика	1084.0	68.00501882057716	1114.0	15.254005203341093
60	геодезист	1080.0	67.75407779171894	3432.0	46.994385868821034
313	долявот100%трзсмгфактнадату	1075.0	67.44040150564618	1075.0	14.719978091195399
312	долявот100%трзсмгпланнадату	1075.0	67.44040150564618	1075.0	14.719978091195399
314	отклонениедолив%отплананадату	1074.0	67.37766624843162	1074.0	14.706285088319868
317	"ооо""уренгойдорстрой"""	1071.0	67.18946047678796	1071.0	14.665206079693277
319	объёмпордработвходящихвмсг	1070.0	67.1267252195734	1070.0	14.651513076817746
291	отзаказчика	1070.0	67.1267252195734	1103.0	15.103382171710255
316	"ооо""нвдс"""	1068.0	67.00125470514429	1071.0	14.665206079693277
323	сводзамесяц	1065.0	66.81304893350062	1065.0	14.583048062440094
191	пс	1062.0	66.62484316185696	1516.0	20.758592359304394
326	%отклоненияотплана	1061.0	66.5621079046424	1061.0	14.528276050937972
271	дата	1059.0	66.4366373902133	1172.0	16.048199370121868
328	упсг	1059.0	66.4366373902133	1059.0	14.50089004518691
332	"отчётолюдскихитехническихресурсахзадействованныхнастроительствеобъекта""обпвжкхал"""	1056.0	66.24843161856964	1056.0	14.45981103656032
333	цпс	1050.0	65.87202007528231	1052.0	14.405039025058194
324	бурильнаямашина	1049.0	65.80928481806777	1064.0	14.569355059564563
204	гтэс	1048.0	65.7465495608532	1441.0	19.731617143639603
336	выполненосначаластроительства(%)	1047.0	65.68381430363864	1047.0	14.336574010680541
335	замесяц(%)	1047.0	65.68381430363864	1047.0	14.336574010680541
329	слесарьмонтажник	1044.0	65.49560853199499	1057.0	14.473504039435847
76	электромонтажник	1043.0	65.43287327478042	3097.0	42.40722990551828
123	каток	1041.0	65.30740276035132	1973.0	27.016294673421882
341	взис	1038.0	65.11919698870766	1040.0	14.240722990551827
82	разнорабочий	1038.0	65.11919698870766	2692.0	36.86156374092839
343	"ооо""радр"""	1037.0	65.0564617314931	1037.0	14.199643981925236
348	"нао""премьерстрой"""	1035.0	64.93099121706399	1035.0	14.172257976174174
278	погрузчик	1034.0	64.86825595984944	1152.0	15.774339312611255
171	свайныеработы	1033.0	64.80552070263488	1596.0	21.854032589346843
339	"ооо""стройэлектромонтаж"""	1031.0	64.68005018820577	1044.0	14.29549500205395
351	вп	1030.0	64.61731493099123	1030.0	14.103792961796522
356	"ооо""аргос-прометей"""	1025.0	64.30363864491845	1025.0	14.03532794741887
275	"заопг""проминдустрия"""	1017.0	63.80175658720201	1157.0	15.842804326988908
358	"ооо""инжиниринг"""	1017.0	63.80175658720201	1017.0	13.925783924414626
309	"ооо""снгальянс"""	1015.0	63.6762860727729	1084.0	14.843215117075175
228	слесарь	1014.0	63.61355081555834	1336.0	18.293851841708886
360	"заонпо""центрспециальныхсистем"""	1014.0	63.61355081555834	1015.0	13.898397918663562
364	"ао""гк""русгазинжиниринг"""	1013.0	63.550815558343785	1013.0	13.8710119129125
62	мп	1013.0	63.550815558343785	3274.0	44.8308914144872
367	"ооо""вега-траст"""	1011.0	63.42534504391468	1011.0	13.843625907161442
362	псп	1011.0	63.42534504391468	1014.0	13.884704915788031
270	наладчик	1010.0	63.36260978670013	1177.0	16.116664384499522
368	вжк	1009.0	63.299874529485564	1011.0	13.843625907161442
371	"ооо""союзстройкомплекс"""	1009.0	63.299874529485564	1009.0	13.816239901410379
373	русгазинжиниринг	1008.0	63.237139272271015	1008.0	13.802546898534848
372	"ооо""нг-энерго"""	1007.0	63.17440401505646	1008.0	13.802546898534848
376	2014/265-гпн-рот24102014г	1007.0	63.17440401505646	1007.0	13.788853895659317
377	"ооо""пургеоком"""	1007.0	63.17440401505646	1007.0	13.788853895659317
350	"заотрест""коксохиммонтаж"""	1007.0	63.17440401505646	1030.0	14.103792961796522
375	подрядчикипосмр	1007.0	63.17440401505646	1007.0	13.788853895659317
338	"ооо""спецмонтажстрой"""	1007.0	63.17440401505646	1045.0	14.309188004929482
337	"ооо""нова"""	1007.0	63.17440401505646	1046.0	14.32288100780501
359	"ооо""энерготехсервис"""	1007.0	63.17440401505646	1016.0	13.912090921539095
334	"ооо""стгм"""	1007.0	63.17440401505646	1051.0	14.391346022182663
344	"оооск""ювис"""	1007.0	63.17440401505646	1036.0	14.185950979049705
379	"оао""уэск"""	1007.0	63.17440401505646	1007.0	13.788853895659317
378	"доао""спецгазавтотранс""оао""газпром"""	1007.0	63.17440401505646	1007.0	13.788853895659317
380	"зао""тюменьнипинефть"""	1007.0	63.17440401505646	1007.0	13.788853895659317
387	"ооо""таргинбурение"""	1007.0	63.17440401505646	1007.0	13.788853895659317
385	нетподрядчика	1007.0	63.17440401505646	1007.0	13.788853895659317
392	"ооо""геострой"""	1007.0	63.17440401505646	1007.0	13.788853895659317
391	"пао""гипротюменнефтегаз"""	1007.0	63.17440401505646	1007.0	13.788853895659317
390	ооо«инжэнерго»	1007.0	63.17440401505646	1007.0	13.788853895659317
294	"ооо""комплектмонтажстрой"""	1007.0	63.17440401505646	1095.0	14.993838148706013
394	"ооо""югранефтегазпроект"""	1007.0	63.17440401505646	1007.0	13.788853895659317
389	"ооо""бкевразия"""	1007.0	63.17440401505646	1007.0	13.788853895659317
388	сотрудникидо	1007.0	63.17440401505646	1007.0	13.788853895659317
395	"ооо ""росавтодорремонт"""	1007.0	63.17440401505646	1007.0	13.788853895659317
386	"ооопсо""проммонтажстрой"""	1007.0	63.17440401505646	1007.0	13.788853895659317
393	2014/49-гпн-рот18022014г	1007.0	63.17440401505646	1007.0	13.788853895659317
396	ооомостострой-12	1007.0	63.17440401505646	1007.0	13.788853895659317
384	лот№1	1007.0	63.17440401505646	1007.0	13.788853895659317
355	"ооо""гкэфэск"""	1007.0	63.17440401505646	1025.0	14.03532794741887
315	"ооо""талспецстрой"""	1007.0	63.17440401505646	1071.0	14.665206079693277
383	"ооо""аргос""филиалооо""аргос""-кедр"	1007.0	63.17440401505646	1007.0	13.788853895659317
382	2015/89-гпн-рот16032015г	1007.0	63.17440401505646	1007.0	13.788853895659317
381	"ооо""кнгбурение"""	1007.0	63.17440401505646	1007.0	13.788853895659317
374	укпг	1006.0	63.11166875784191	1008.0	13.802546898534848
397	вз	1005.0	63.048933500627356	1006.0	13.775160892783788
302	кс	1005.0	63.048933500627356	1091.0	14.939066137203888
196	ад	1005.0	63.048933500627356	1489.0	20.388881281665068
349	"ооо""оптилан"""	1004.0	62.986198243412794	1031.0	14.117485964672053
401	упсв	1003.0	62.923462986198246	1003.0	13.734081884157195
424	новыйпортфазагаз	1002.0	62.86072772898369	1002.0	13.720388881281664
423	отдаленнаягруппаместорожденийфаза2	1002.0	62.86072772898369	1002.0	13.720388881281664
422	"ооо""тюменскаяинженернаякомпания"""	1002.0	62.86072772898369	1002.0	13.720388881281664
435	отдаленнаягруппаместорожденийфаза1	1002.0	62.86072772898369	1002.0	13.720388881281664
419	каменномысское(суша)фаза1	1002.0	62.86072772898369	1002.0	13.720388881281664
345	подрядчик	1002.0	62.86072772898369	1036.0	14.185950979049705
413	новыйпортфаза1	1002.0	62.86072772898369	1002.0	13.720388881281664
421	загрос	1002.0	62.86072772898369	1002.0	13.720388881281664
420	"ооо""капиталгруппспб"""	1002.0	62.86072772898369	1002.0	13.720388881281664
411	новыйпортфаза2	1002.0	62.86072772898369	1002.0	13.720388881281664
418	ннт	1002.0	62.86072772898369	1002.0	13.720388881281664
417	лотантикор	1002.0	62.86072772898369	1002.0	13.720388881281664
416	грр	1002.0	62.86072772898369	1002.0	13.720388881281664
414	сг	1002.0	62.86072772898369	1002.0	13.720388881281664
425	мессояхагаз	1002.0	62.86072772898369	1002.0	13.720388881281664
430	чона(гпн-ангара)фаза11	1002.0	62.86072772898369	1002.0	13.720388881281664
426	лэп	1002.0	62.86072772898369	1002.0	13.720388881281664
444	ннп	1002.0	62.86072772898369	1002.0	13.720388881281664
437	"проект""газ""томскфаза1"	1002.0	62.86072772898369	1002.0	13.720388881281664
438	"ооо""автоматика-сервис"""	1002.0	62.86072772898369	1002.0	13.720388881281664
439	лотсмр1этап	1002.0	62.86072772898369	1002.0	13.720388881281664
440	тазовскийфаза1	1002.0	62.86072772898369	1002.0	13.720388881281664
441	лотограждения	1002.0	62.86072772898369	1002.0	13.720388881281664
442	куюмба	1002.0	62.86072772898369	1002.0	13.720388881281664
443	гпэснапсп	1002.0	62.86072772898369	1002.0	13.720388881281664
434	капитальныйпроект	1002.0	62.86072772898369	1002.0	13.720388881281664
427	поямал(яро-яха)	1002.0	62.86072772898369	1002.0	13.720388881281664
433	г/п	1002.0	62.86072772898369	1002.0	13.720388881281664
445	окм	1002.0	62.86072772898369	1002.0	13.720388881281664
432	г/пгпэс	1002.0	62.86072772898369	1002.0	13.720388881281664
431	проч	1002.0	62.86072772898369	1002.0	13.720388881281664
436	бадра	1002.0	62.86072772898369	1002.0	13.720388881281664
429	новыйпортфаза3	1002.0	62.86072772898369	1002.0	13.720388881281664
428	северо-самбургфаза1	1002.0	62.86072772898369	1002.0	13.720388881281664
354	"ооо""теплолюкс-тюмень"""	1002.0	62.86072772898369	1026.0	14.0490209502944
410	пжк	1002.0	62.86072772898369	1002.0	13.720388881281664
415	мун	1002.0	62.86072772898369	1002.0	13.720388881281664
361	неопределен	1002.0	62.86072772898369	1015.0	13.898397918663562
399	данные	1002.0	62.86072772898369	1004.0	13.747774887032726
403	питбо	1002.0	62.86072772898369	1002.0	13.720388881281664
404	хал	1002.0	62.86072772898369	1002.0	13.720388881281664
412	мессояхазмлу	1002.0	62.86072772898369	1002.0	13.720388881281664
405	"ао""нипигазпереработка"""	1002.0	62.86072772898369	1002.0	13.720388881281664
406	мессояхафаза22	1002.0	62.86072772898369	1002.0	13.720388881281664
407	мессояхафаза1	1002.0	62.86072772898369	1002.0	13.720388881281664
370	"ооо""сибкомтел"""	1002.0	62.86072772898369	1009.0	13.816239901410379
369	"ооо""промметаллозащита"""	1002.0	62.86072772898369	1010.0	13.82993290428591
408	крупныйпроект	1002.0	62.86072772898369	1002.0	13.720388881281664
366	"ооо""нефтесервиснаякомпания"""	1002.0	62.86072772898369	1011.0	13.843625907161442
409	отдаленнаягруппаместорожденийфаза3	1002.0	62.86072772898369	1002.0	13.720388881281664
363	название	1002.0	62.86072772898369	1014.0	13.884704915788031
452	вибропогружатель	998.0	62.60978670012547	998.0	13.665616869779543
400	вентиляционщик	997.0	62.54705144291092	1003.0	13.734081884157195
455	сварочныйкомплекс	991.0	62.170639899623595	991.0	13.569765849650828
447	водовоз	990.0	62.107904642409025	1000.0	13.693002875530604
180	бурениелидерныхскважин	983.0	61.66875784190715	1557.0	21.32000547720115
182	ст	977.0	61.292346298619826	1537.0	21.046145419690536
462	всегофопопроекту	975.0	61.16687578419071	975.0	13.350677803642338
114	разработкагрунта	973.0	61.041405269761604	2103.0	28.796385047240857
218	сваебой	966.0	60.60225846925973	1368.0	18.732027933725867
467	машинистводители	966.0	60.60225846925973	966.0	13.227440777762563
474	тягачтягачседельныйтрал	965.0	60.53952321204517	965.0	13.213747774887032
473	адд(дизельныйсварочныйагрегат)	965.0	60.53952321204517	965.0	13.213747774887032
472	пск(передвижнойсварочныйкомплекс)	965.0	60.53952321204517	965.0	13.213747774887032
471	сварщиктт(технологическихтрубопроводов)	965.0	60.53952321204517	965.0	13.213747774887032
470	монтажниктт(технологическихтрубопроводов)	965.0	60.53952321204517	965.0	13.213747774887032
469	апс(агрегатпередвижнойсварочный)	965.0	60.53952321204517	965.0	13.213747774887032
475	итр(инженерно-техническийперсонал)	964.0	60.47678795483061	964.0	13.200054772011502
460	прочаятехника	964.0	60.47678795483061	979.0	13.40544981514446
477	дэс(дизельнаяэлектростанция)	963.0	60.41405269761606	963.0	13.18636176913597
482	ппу(передвижнаяпароваяустановка)	962.0	60.35131744040151	962.0	13.17266876626044
486	сначаластроительстванарастающимитогомпообъемаммсг	962.0	60.35131744040151	962.0	13.17266876626044
483	сварщикмк(металлоконструкций)	962.0	60.35131744040151	962.0	13.17266876626044
484	прочиеспециальности	962.0	60.35131744040151	962.0	13.17266876626044
480	монтажникмк(металлоконструкций)	962.0	60.35131744040151	962.0	13.17266876626044
485	отделочник	962.0	60.35131744040151	962.0	13.17266876626044
487	бурильщикпомошникбурильщика	961.0	60.28858218318695	961.0	13.15897576338491
489	автомеханик	960.0	60.22584692597239	960.0	13.14528276050938
322	бортовойавтомобиль	959.0	60.16311166875784	1068.0	14.624127071066685
311	кт	958.0	60.10037641154329	1076.0	14.73367109407093
402	сантехник	958.0	60.10037641154329	1003.0	13.734081884157195
491	покрасочныйагрегат	957.0	60.03764115432874	957.0	13.104203751882787
301	бетономешалка	956.0	59.97490589711418	1092.0	14.952759140079419
492	кровельщик	956.0	59.97490589711418	956.0	13.090510749007258
494	кранстреловой	956.0	59.97490589711418	956.0	13.090510749007258
490	слесарькипиа	953.0	59.78670012547052	959.0	13.131589757633849
495	деффектоскопист	952.0	59.72396486825596	952.0	13.035738737505135
64	монтажоборудования	951.0	59.6612296110414	3210.0	43.954539230453236
499	кодобъекта	943.0	59.15934755332497	943.0	12.91250171162536
478	смркммет	943.0	59.15934755332497	963.0	13.18636176913597
458	начальникпоом	940.0	58.971141781681304	989.0	13.542379843899768
500	арок(агрегатремонтаиобслуживания)	939.0	58.90840652446675	939.0	12.857729700123238
216	монтажзра	925.0	58.03011292346299	1372.0	18.78679994522799
281	бетонныеработы	923.0	57.90464240903388	1143.0	15.651102286731481
505	смртрузра	907.0	56.900878293601	912.0	12.488018622483912
217	№	901.0	56.52446675031367	1369.0	18.745720936601394
77	монтажник	896.0	56.2107904642409	2995.0	41.01054361221416
504	смрземзас	893.0	56.02258469259724	918.0	12.570176639737094
513	смркабсла	890.0	55.834378920953576	900.0	12.323702587977543
476	пуско-наладочныеработы	890.0	55.834378920953576	963.0	13.18636176913597
516	причинаотклонения	888.0	55.70890840652447	891.0	12.200465562097767
523	факт/прогноз	883.0	55.395232120451695	883.0	12.090921539093523
527	наименованиеключевогособытия	882.0	55.33249686323713	882.0	12.077228536217993
522	проблемныйвопрос	882.0	55.33249686323713	883.0	12.090921539093523
524	ф	882.0	55.33249686323713	883.0	12.090921539093523
525	предлагаемоерешение	882.0	55.33249686323713	882.0	12.077228536217993
526	типвехи	882.0	55.33249686323713	882.0	12.077228536217993
528	плотникбетонщикарматурщик	881.0	55.269761606022584	881.0	12.063535533342462
533	смртрутру	873.0	54.767879548306155	874.0	11.967684513213747
518	смрземраз	872.0	54.70514429109159	889.0	12.173079556346707
95	бурениескважин	870.0	54.57967377666249	2342.0	32.069012734492674
537	смракзмк	866.0	54.32873274780427	866.0	11.858140490209502
508	монтажсиловогокабеля	860.0	53.95232120451694	908.0	12.433246610981788
255	сварщик	858.0	53.826850690087824	1233.0	16.883472545529234
149	монтажкабельныхполок	857.0	53.76411543287327	1795.0	24.578940161577435
130	монтажкабельныхлотков	854.0	53.575909661229616	1885.0	25.81131042037519
548	доляв100%смг(факт)фактнадату%	853.0	53.513174404015054	853.0	11.680131452827606
545	названиевидаработ	853.0	53.513174404015054	853.0	11.680131452827606
547	доляв100%смг(план)планнадату%	853.0	53.513174404015054	853.0	11.680131452827606
164	монтажкабельныхстоек	851.0	53.38770388958595	1674.0	22.92208681363823
530	смрсвамет	848.0	53.19949811794228	878.0	12.02245652471587
563	отсыпкащебнем	846.0	53.07402760351317	846.0	11.58428043269889
567	монтажмарокгтм	845.0	53.011292346298625	845.0	11.57058742982336
551	вналичии	843.0	52.88582183186951	850.0	11.639052444201013
568	отсыпкапеском	843.0	52.88582183186951	844.0	11.55689442694783
398	монтажблок-бокса	841.0	52.7603513174404	1006.0	13.775160892783788
519	монтажфутляра	836.0	52.446675031367626	889.0	12.173079556346707
572	монтажкабеленесущихсистем	830.0	52.0702634880803	830.0	11.365192386690401
573	смробоемк	824.0	51.69385194479298	824.0	11.283034369437217
127	монтажстоек	821.0	51.50564617314931	1900.0	26.01670546350815
574	видыработдлярасчета	821.0	51.50564617314931	821.0	11.241955360810625
576	смрарзз	820.0	51.44291091593476	820.0	11.228262357935096
580	монтажкабеляпожарнойсигнализации	817.0	51.254705144291094	817.0	11.187183349308503
498	обратнаязасыпка	814.0	51.06649937264742	944.0	12.926194714500891
55	монтажопор	814.0	51.06649937264742	3794.0	51.95125290976311
268	монтажприборовкипиа	813.0	51.00376411543287	1183.0	16.198822401752704
582	монтажопортрубопровода	812.0	50.94102885821832	812.0	11.11871833493085
583	сначаластроительствадотекущегомесяца	811.0	50.87829360100377	811.0	11.10502533205532
575	монтажкабеляэлектрообогрева	810.0	50.81555834378921	820.0	11.228262357935096
585	смркабст	805.0	50.50188205771644	809.0	11.07763932630426
587	устройствоводоотводныхлотков	802.0	50.31367628607277	802.0	10.981788306175543
546	акзтрубопроводов	795.0	49.87452948557089	853.0	11.680131452827606
596	монтажкабеляиэлектротехническогооборудования	794.0	49.81179422835634	794.0	10.8722442831713
598	антикоррозионныеиизоляционныеработы	792.0	49.68632371392723	792.0	10.844858277420238
590	смрэлектрсил	791.0	49.623588456712675	797.0	10.91332329179789
510	чел	790.0	49.56085319949812	907.0	12.419553608106257
600	инжернаяподготовкаиземлеустроительныеработы	790.0	49.56085319949812	790.0	10.817472271669178
602	монтажплиттротуарных	789.0	49.498117942283564	789.0	10.803779268793647
586	укладкагеорешетки	789.0	49.498117942283564	804.0	11.009174311926607
604	монтажосновногоипрочегооборудования	787.0	49.37264742785445	787.0	10.776393263042586
605	смркаблот	786.0	49.309912170639905	787.0	10.776393263042586
263	-	785.0	49.24717691342534	1202.0	16.458989456387783
609	монтажкомплектасоляногозаземления	783.0	49.12170639899623	783.0	10.721621251540462
552	монтажоголовников	783.0	49.12170639899623	847.0	11.59797343557442
613	сборочно-сварочныеработытрубопроводов	782.0	49.05897114178168	782.0	10.707928248664931
614	подвескагрозозащитноготроса	781.0	48.99623588456713	781.0	10.694235245789402
105	уплотнениегрунта	772.0	48.431618569636136	2176.0	29.795974257154594
623	теплоизоляциястыка	771.0	48.36888331242158	771.0	10.557305217034095
578	руководительштаба	769.0	48.24341279799248	818.0	11.200876352184034
626	смркабэо	764.0	47.9297365119197	764.0	10.46145419690538
448	заземление	762.0	47.80426599749059	1000.0	13.693002875530604
635	монтажкабеляасутп	761.0	47.74153074027603	761.0	10.42037518827879
634	установкавскважинысвай	761.0	47.74153074027603	761.0	10.42037518827879
632	теплоизоляциясварногостыка	761.0	47.74153074027603	761.0	10.42037518827879
633	сафиулинрр	761.0	47.74153074027603	761.0	10.42037518827879
643	укладкатрубопроводанаопоры	757.0	47.49058971141782	757.0	10.365603176776666
645	рекультивацияшламовогоамбара	756.0	47.42785445420326	756.0	10.351910173901137
637	смртруисп	756.0	47.42785445420326	760.0	10.406682185403259
584	монтажметаллоконструкцийоснования	755.0	47.36511919698871	811.0	11.10502533205532
646	устройствопрослойкиизнсм	755.0	47.36511919698871	755.0	10.338217171025606
321	вертикальнаяпланировка	754.0	47.30238393977415	1068.0	14.624127071066685
649	смрпрчпроч	753.0	47.2396486825596	753.0	10.310831165274545
624	монтажлотковикоробов	750.0	47.05144291091594	766.0	10.488840202656442
628	монтажкабелейасутпкипиа	748.0	46.92597239648683	764.0	10.46145419690538
256	монтажопн	747.0	46.86323713927227	1232.0	16.869779542653703
43	пнр	747.0	46.86323713927227	4163.0	57.003970970833905
457	примечание:	746.0	46.800501882057716	991.0	13.569765849650828
603	монтажкабелясилового	746.0	46.800501882057716	787.0	10.776393263042586
653	смртруоп	744.0	46.675031367628605	745.0	10.201287142270301
657	внутренняяотделкаблочно-модульныхзданий	742.0	46.5495608531995	742.0	10.160208133643708
659	монтажоборудованияасутп	741.0	46.486825595984946	741.0	10.146515130768178
661	смрэлектркороб	739.0	46.361355081555836	739.0	10.119129125017116
660	изоляциясварногостыкаманжетами	739.0	46.361355081555836	739.0	10.119129125017116
161	монтажтраверс	738.0	46.29861982434128	1676.0	22.949472819389293
663	устройствозаполненногодеформационногошва	738.0	46.29861982434128	738.0	10.105436122141585
466	испытаниятрубопроводов	738.0	46.29861982434128	968.0	13.254826783513623
665	монтажвысоковольтныхлиний	737.0	46.235884567126725	737.0	10.091743119266056
501	монтажоголовков	735.0	46.11041405269762	928.0	12.707106668492402
190	теплоизоляциятрубопроводов	733.0	45.98494353826851	1525.0	20.88182938518417
671	главспециалистксп	733.0	45.98494353826851	733.0	10.036971107763932
672	монтажлестницогражденийплощадок	730.0	45.796737766624844	730.0	9.995892099137341
647	установкатермостабилизаторов	728.0	45.67126725219573	755.0	10.338217171025606
658	монтажемкостногооборудования	726.0	45.54579673776662	742.0	10.160208133643708
678	акзмк	726.0	45.54579673776662	726.0	9.94112008763522
611	акзметаллоконструкций	725.0	45.483061480552074	782.0	10.707928248664931
679	смркмммк	725.0	45.483061480552074	725.0	9.927427084759689
607	монтажригелей	723.0	45.35759096612296	784.0	10.735314254415993
594	монтажтехнологическогооборудования	721.0	45.23212045169385	794.0	10.8722442831713
493	устройствотеплоизоляции	718.0	45.04391468005019	956.0	13.090510749007258
688	монтажщитапожарногоскомплектующими	712.0	44.66750313676286	712.0	9.749418047377791
689	подвескапроводавл	710.0	44.54203262233375	710.0	9.72203204162673
694	монтажсоединительныхкоробокимуфт	707.0	44.35382685069008	707.0	9.680953033000137
695	монтажтрубопроводовсустановкойфасонины	707.0	44.35382685069008	707.0	9.680953033000137
697	монтажблок-боксов	705.0	44.22835633626098	705.0	9.653567027249075
84	т	705.0	44.22835633626098	2682.0	36.72463371217308
599	кол-во	702.0	44.04015056461731	791.0	10.831165274544707
243	испытаниетрубопроводов	700.0	43.9146800501882	1300.0	17.800903738189785
686	монтажкабелейэлектрообогрева	698.0	43.7892095357591	714.0	9.776804053128851
690	монтажкабельныхмуфт	692.0	43.412797992471766	710.0	9.72203204162673
642	монтажнастила	691.0	43.35006273525722	758.0	10.379296179652197
710	укладкатротуарныхплит6к7	690.0	43.287327478042656	690.0	9.448171984116115
629	монтажтермостабилизаторов	684.0	42.91091593475534	763.0	10.44776119402985
739	смртсгтерм	678.0	42.534504391468005	678.0	9.28385594960975
733	смрсвабур	678.0	42.534504391468005	678.0	9.28385594960975
708	погружениесвайметаллических	678.0	42.534504391468005	694.0	9.502943995618239
692	монтажёмкости	677.0	42.47176913425345	708.0	9.694646035875667
728	монтажводопропускнойтрубы	676.0	42.4090338770389	678.0	9.28385594960975
709	смрсваог	675.0	42.34629861982434	691.0	9.461864986991648
746	устройствосекцийметалическогоограждениясекция	674.0	42.28356336260979	674.0	9.229083938107626
707	монтажмачтыпрожекторной	673.0	42.22082810539523	694.0	9.502943995618239
753	монтажкабеляопс	666.0	41.78168130489335	666.0	9.119539915103383
620	монтажтеплоизоляциитрубопровода	665.0	41.7189460476788	777.0	10.639463234287279
759	абрамовдв	663.0	41.59347553324969	663.0	9.07846090647679
756	монтажпрочегооборудования	662.0	41.53074027603513	665.0	9.10584691222785
353	монтажпрожекторноймачты	662.0	41.53074027603513	1028.0	14.076406956045462
696	разработкагрунтаподемкость	662.0	41.53074027603513	705.0	9.653567027249075
745	акзметаллоконструкцийоснования	661.0	41.46800501882058	675.0	9.242776940983157
768	тк	660.0	41.40526976160602	660.0	9.037381897850198
770	монтажкожухаизоцинкованнойстали	659.0	41.34253450439147	659.0	9.023688894974669
760	монтажшкафа	659.0	41.34253450439147	662.0	9.064767903601261
749	подвескапровода	658.0	41.27979924717691	668.0	9.146925920854443
774	установкатермостабилизатора	658.0	41.27979924717691	658.0	9.009995892099138
722	устройствопеноплекса	658.0	41.27979924717691	678.0	9.28385594960975
773	монтажпокрытияизоцинкованноголиста	658.0	41.27979924717691	658.0	9.009995892099138
776	монтажприборовопс	656.0	41.1543287327478	656.0	8.982609886348076
777	0x17	656.0	41.1543287327478	656.0	8.982609886348076
781	смрэлектрксз	654.0	41.028858218318696	654.0	8.955223880597014
772	обратнаязасыпкагрунта	651.0	40.84065244667503	658.0	9.009995892099138
784	монтажактивногосоляногозаземления	651.0	40.84065244667503	651.0	8.914144871970423
97	монтажлестниц	650.0	40.777917189460474	2339.0	32.027933725866085
785	установкаопор/порталов	650.0	40.777917189460474	650.0	8.900451869094892
676	монтажмачты	650.0	40.777917189460474	728.0	9.96850609338628
571	монтажприборов	649.0	40.71518193224592	832.0	11.392578392441463
540	контрольсварныхсоединений	648.0	40.65244667503137	859.0	11.76228947008079
789	монтажростверковиопорныхконструкцийподпорталыопорывл	646.0	40.52697616060226	646.0	8.84567985759277
790	смробомонт	645.0	40.464240903387704	645.0	8.83198685471724
794	монтажизмерительнойустановки	644.0	40.40150564617315	644.0	8.818293851841709
320	монтажмолниеотвода	643.0	40.338770388958594	1069.0	14.637820073942216
800	монтажкомплектующихмачтыпрожекторной	643.0	40.338770388958594	643.0	8.804600848966178
802	укладкаэлектрода(соляноезаземление)	642.0	40.276035131744045	642.0	8.790907846090649
803	планмаксимум	642.0	40.276035131744045	642.0	8.790907846090649
479	пнропс	641.0	40.21329987452948	962.0	13.17266876626044
812	монтажшкафауправленияэлектрообогревом	640.0	40.150564617314934	640.0	8.763521840339585
811	монтажплощадкиобслуживанияскважины	640.0	40.150564617314934	640.0	8.763521840339585
570	пескоструйныйаппарат	640.0	40.150564617314934	840.0	11.502122415445708
815	смринжуклтр	637.0	39.96235884567127	637.0	8.722442831712995
813	монтажблокапереключателяскважинмногоходового	637.0	39.96235884567127	637.0	8.722442831712995
817	бетоннаяподготовкаибетон	636.0	39.89962358845671	636.0	8.708749828837464
819	монтажпмр	636.0	39.89962358845671	636.0	8.708749828837464
698	монтажкровли	636.0	39.89962358845671	701.0	9.598795015746955
799	монтажплощадкиобслуживания	635.0	39.83688833124216	643.0	8.804600848966178
825	монтажопорподтрубопровод	634.0	39.7741530740276	634.0	8.681363823086404
769	монтажвоздуховодов	634.0	39.7741530740276	659.0	9.023688894974669
822	монтажоборудованиясистемывидеонаблюдения	634.0	39.7741530740276	634.0	8.681363823086404
824	монтажоборудованиятелефоннойсвязи	634.0	39.7741530740276	634.0	8.681363823086404
823	укладкаполосовогозаземления	634.0	39.7741530740276	634.0	8.681363823086404
828	монтажоборудованияпередачиданных	633.0	39.71141781681305	633.0	8.667670820210873
706	монтажпанелейограждения	633.0	39.71141781681305	695.0	9.51663699849377
764	монтажкамерысод	633.0	39.71141781681305	661.0	9.051074900725729
830	устройствопрослойкиизгеорешетки	633.0	39.71141781681305	633.0	8.667670820210873
831	изготовлениефутляраподтрубопровод	633.0	39.71141781681305	633.0	8.667670820210873
835	монтажтрубопроводовсустановкойфасонныхчастей	631.0	39.58594730238394	631.0	8.640284814459811
836	"зао""премьерстройдизайн"""	631.0	39.58594730238394	631.0	8.640284814459811
843	монтажкамерызапускасод	629.0	39.46047678795483	629.0	8.61289880870875
840	укладкафутляравтраншею	629.0	39.46047678795483	629.0	8.61289880870875
837	**	628.0	39.39774153074028	631.0	8.640284814459811
844	монтаждеталейтрубопроводов	628.0	39.39774153074028	628.0	8.59920580583322
795	монтажблочно-вспомогательногооборудования	628.0	39.39774153074028	644.0	8.818293851841709
816	пнрсистемыэлектрообогрева	628.0	39.39774153074028	636.0	8.708749828837464
846	монтажнагревателянефтипоточного	627.0	39.33500627352572	627.0	8.58551280295769
848	протаскиваниетрубывфутляр	627.0	39.33500627352572	627.0	8.58551280295769
850	планировкаоткосовнасыпи/выемки	627.0	39.33500627352572	627.0	8.58551280295769
517	автогрейдер	625.0	39.20953575909662	890.0	12.186772559222238
804	монтажстоекограждения	625.0	39.20953575909662	641.0	8.777214843215116
851	монтажкамерыпускасод	625.0	39.20953575909662	625.0	8.558126797206628
655	монтажогражденияузла	624.0	39.146800501882055	744.0	10.187594139394768
854	установкавскважинысвай(реклоузер)	624.0	39.146800501882055	624.0	8.544433794331097
765	устройствотермометрическихскважин	624.0	39.146800501882055	661.0	9.051074900725729
857	бурениелидерныхскважин(реклоузер)	624.0	39.146800501882055	624.0	8.544433794331097
862	смргтммар	623.0	39.08406524466751	623.0	8.530740791455566
859	сборкаопор/порталов	623.0	39.08406524466751	623.0	8.530740791455566
856	установкадорзнаков	622.0	39.021329987452944	624.0	8.544433794331097
872	монтажасутпблокаконтроляиуправления	622.0	39.021329987452944	622.0	8.517047788580037
871	монтажоголовников(реклоузер)	622.0	39.021329987452944	622.0	8.517047788580037
867	монтажбрв/удх	622.0	39.021329987452944	622.0	8.517047788580037
870	пнроборудованияасутпблокаконтроляиуправления	622.0	39.021329987452944	622.0	8.517047788580037
869	монтажблокауэцн	622.0	39.021329987452944	622.0	8.517047788580037
810	монтажктп	622.0	39.021329987452944	641.0	8.777214843215116
839	монтажблоковфбс	621.0	38.958594730238396	630.0	8.62659181158428
873	монтажригелей(лч)	621.0	38.958594730238396	621.0	8.503354785704504
874	монтажстоек(лч)	621.0	38.958594730238396	621.0	8.503354785704504
818	установкаопознавательныхзнаков	620.0	38.89585947302384	636.0	8.708749828837464
875	акзметаллоконструкций(реклоузер)	620.0	38.89585947302384	620.0	8.489661782828975
253	монтажплитпдн	619.0	38.833124215809285	1241.0	16.993016568533477
742	установкадорожныхзнаков	619.0	38.833124215809285	677.0	9.270162946734219
876	монтажметаллоконструкцийоснования(реклоузер)	619.0	38.833124215809285	619.0	8.475968779953444
877	укладкаактивногосоляногозаземления	619.0	38.833124215809285	619.0	8.475968779953444
879	монтажлестницогражденийплощадок(реклоузер)	618.0	38.77038895859473	618.0	8.462275777077913
841	дорожныйрабочий	618.0	38.77038895859473	629.0	8.61289880870875
881	смринжщеб	617.0	38.707653701380174	617.0	8.448582774202382
885	монтажтраверс(лч)	616.0	38.64491844416562	616.0	8.434889771326851
887	устройствообвалованияпопериметрукустовойплощадки	616.0	38.64491844416562	616.0	8.434889771326851
888	монтажкабелялиниисвязи	616.0	38.64491844416562	616.0	8.434889771326851
892	укреплениеоткосовкустовойплощадки	615.0	38.58218318695107	615.0	8.42119676845132
860	*	614.0	38.51944792973651	623.0	8.530740791455566
622	установкасигнальныхстолбиков	614.0	38.51944792973651	771.0	10.557305217034095
890	укреплениеобочинщебнем	614.0	38.51944792973651	616.0	8.434889771326851
893	монтажэлектротехноческогооборудованияэрэо	614.0	38.51944792973651	615.0	8.42119676845132
894	отсыпкагрунтом	614.0	38.51944792973651	614.0	8.407503765575791
899	устройствощебеночногопокрытиявнутриплощадочныхпроездовиплощадок	613.0	38.45671267252196	613.0	8.39381076270026
896	устройствощебеночногопокрытияплощадкипожарнойтехники	613.0	38.45671267252196	613.0	8.39381076270026
900	макс	613.0	38.45671267252196	613.0	8.39381076270026
901	сборочно-сварочныеработынаузлу	613.0	38.45671267252196	613.0	8.39381076270026
924	рв	612.0	38.393977415307404	612.0	8.38011775982473
937	необходимоекол-воресурсовнамесяц	612.0	38.393977415307404	612.0	8.38011775982473
908	тракторгусеничный	612.0	38.393977415307404	612.0	8.38011775982473
907	устройствощебеночногопокрытияпроездовиплощадок	612.0	38.393977415307404	612.0	8.38011775982473
933	кол-ворес-внамесяц	612.0	38.393977415307404	612.0	8.38011775982473
934	отсыпкаобочиныщебнем	612.0	38.393977415307404	612.0	8.38011775982473
906	%отклсмготрв	612.0	38.393977415307404	612.0	8.38011775982473
615	вибротрамбовка	612.0	38.393977415307404	781.0	10.694235245789402
935	**навыборподрядчика	612.0	38.393977415307404	612.0	8.38011775982473
936	диапазон	612.0	38.393977415307404	612.0	8.38011775982473
938	планировкаполотнаавтодороги	612.0	38.393977415307404	612.0	8.38011775982473
923	монтажгреющегокабеля(втчкабеляскинсистемы)	612.0	38.393977415307404	612.0	8.38011775982473
905	монтажстальныхпролетныхстроений	612.0	38.393977415307404	612.0	8.38011775982473
904	план/кол-во	612.0	38.393977415307404	612.0	8.38011775982473
939	отсыпкаплощадкишебнем	612.0	38.393977415307404	612.0	8.38011775982473
944	итогочел	612.0	38.393977415307404	612.0	8.38011775982473
940	таблок	612.0	38.393977415307404	612.0	8.38011775982473
903	←смотривплан	612.0	38.393977415307404	612.0	8.38011775982473
902	загр	612.0	38.393977415307404	612.0	8.38011775982473
941	маш	612.0	38.393977415307404	612.0	8.38011775982473
909	сред	612.0	38.393977415307404	612.0	8.38011775982473
932	раб	612.0	38.393977415307404	612.0	8.38011775982473
931	*кол-воназначаетсяиндивидуально	612.0	38.393977415307404	612.0	8.38011775982473
910	людитехника!	612.0	38.393977415307404	612.0	8.38011775982473
922	таблнач	612.0	38.393977415307404	612.0	8.38011775982473
921	устройствогидроизоляцииопормостов	612.0	38.393977415307404	612.0	8.38011775982473
925	монтажгоризонтальногонасосногокомплекса	612.0	38.393977415307404	612.0	8.38011775982473
920	средн	612.0	38.393977415307404	612.0	8.38011775982473
919	устройствобарьерныхогражденийиперил	612.0	38.393977415307404	612.0	8.38011775982473
918	укреплениеоткосовторфо-песчанойсмесьюспосевомтрав	612.0	38.393977415307404	612.0	8.38011775982473
926	слесаьмонтажник	612.0	38.393977415307404	612.0	8.38011775982473
916	отсыпкасопряжениямостаснасыпью	612.0	38.393977415307404	612.0	8.38011775982473
915	пр-тьвсмену	612.0	38.393977415307404	612.0	8.38011775982473
914	устройствоводосбросныхсооруженийспроезжейчасти	612.0	38.393977415307404	612.0	8.38011775982473
913	монтажригелейкэ	612.0	38.393977415307404	612.0	8.38011775982473
927	рес	612.0	38.393977415307404	612.0	8.38011775982473
912	сводка!	612.0	38.393977415307404	612.0	8.38011775982473
911	смглюдитехника	612.0	38.393977415307404	612.0	8.38011775982473
928	укладкапереходныхплит	612.0	38.393977415307404	612.0	8.38011775982473
929	сменность	612.0	38.393977415307404	612.0	8.38011775982473
930	итогоедтехн	612.0	38.393977415307404	612.0	8.38011775982473
917	засыпкагеорешеткищебнем	612.0	38.393977415307404	612.0	8.38011775982473
943	челм	612.0	38.393977415307404	612.0	8.38011775982473
56	работа	612.0	38.393977415307404	3742.0	51.239216760235514
866	монтажстоеккэ	612.0	38.393977415307404	622.0	8.517047788580037
704	планировкагрунта	612.0	38.393977415307404	699.0	9.571409009995891
814	устройствоводопропускнойтрубы	612.0	38.393977415307404	637.0	8.722442831712995
898	монтажприборовкипиаасутп	611.0	38.33124215809285	613.0	8.39381076270026
951	4)ax-2=3(план)=79(факт)	610.0	38.26850690087829	610.0	8.352731754073668
948	"3)всмгстолбец""ca""(79)=столбец""c""(3)названиюстрокойвыше"	610.0	38.26850690087829	610.0	8.352731754073668
952	пнрэлектрическаявоздушнаялиния	610.0	38.26850690087829	610.0	8.352731754073668
953	1)замена[ресурснаяведомость*******xlsx]напустоезнач	610.0	38.26850690087829	610.0	8.352731754073668
950	2)alamвлюдитехника	610.0	38.26850690087829	610.0	8.352731754073668
946	монтажтраверскэ	610.0	38.26850690087829	610.0	8.352731754073668
947	смг!	610.0	38.26850690087829	610.0	8.352731754073668
949	пнрсетейкипиа	610.0	38.26850690087829	610.0	8.352731754073668
891	монтажбрв	609.0	38.20577164366374	615.0	8.42119676845132
954	пнроборудованиясистемыэмз	609.0	38.20577164366374	609.0	8.339038751198139
942	итог	609.0	38.20577164366374	612.0	8.38011775982473
955	доп	609.0	38.20577164366374	609.0	8.339038751198139
966	устройствопереездовчерезэстакадутрубопроводов	608.0	38.14303638644919	608.0	8.325345748322608
973	монтажприборовасутп	608.0	38.14303638644919	608.0	8.325345748322608
960	пнрору10	608.0	38.14303638644919	608.0	8.325345748322608
965	монтажводоотводныхустройств	608.0	38.14303638644919	608.0	8.325345748322608
972	монтажтрансформаторатднс-10000/35/10	608.0	38.14303638644919	608.0	8.325345748322608
895	пнрктп	608.0	38.14303638644919	614.0	8.407503765575791
967	монтажфутляранадземного	608.0	38.14303638644919	608.0	8.325345748322608
971	монтажустановкифильтрующихпескоотделителейгидроциклонных	608.0	38.14303638644919	608.0	8.325345748322608
970	монтажустановкикомпенсацииреактивноймощности	608.0	38.14303638644919	608.0	8.325345748322608
968	монтажблокаконтроляиуправления	608.0	38.14303638644919	608.0	8.325345748322608
969	пнрпс35/10кв	608.0	38.14303638644919	608.0	8.325345748322608
974	монтажблоказру35кв	608.0	38.14303638644919	608.0	8.325345748322608
963	монтажблок-боксовподстанции35/10кв	608.0	38.14303638644919	608.0	8.325345748322608
962	пнрзру10	608.0	38.14303638644919	608.0	8.325345748322608
976	пнрэлектрооборудованиямолниезащитызаземления	608.0	38.14303638644919	608.0	8.325345748322608
959	пнроборудованияасутпктп	608.0	38.14303638644919	608.0	8.325345748322608
956	пнрору35	608.0	38.14303638644919	608.0	8.325345748322608
958	монтажудх	608.0	38.14303638644919	608.0	8.325345748322608
957	монтажблокаопорныхизоляторов35кв	608.0	38.14303638644919	608.0	8.325345748322608
961	монтажтрансформаторасобственныхнужд	608.0	38.14303638644919	608.0	8.325345748322608
977	монтажблоказру10кв	608.0	38.14303638644919	608.0	8.325345748322608
964	пнртсн	608.0	38.14303638644919	608.0	8.325345748322608
975	пнрзру35	608.0	38.14303638644919	608.0	8.325345748322608
986	монтажосновногоэлектрооборудования	605.0	37.954830614805516	605.0	8.284266739696015
687	сборкапрожекторноймачты	604.0	37.89209535759097	713.0	9.76311105025332
987	монтажосновногооборудованиясистемовивк	603.0	37.82936010037641	603.0	8.256880733944955
991	внутренняяотделка	602.0	37.76662484316186	602.0	8.243187731069423
993	монтажм/коголовков	600.0	37.641154328732746	600.0	8.215801725318363
1001	разключениесиловыхкабелей	598.0	37.51568381430364	598.0	8.1884157195673
211	сборкаопор	596.0	37.39021329987453	1398.0	19.142818019991783
983	устройствоармокаркаса	591.0	37.076537013801754	606.0	8.297959742571546
985	монтажкабелейсвязи(телсигнализацияоптичесий)	590.0	37.0138017565872	606.0	8.297959742571546
1027	свкартавый	589.0	36.95106649937265	589.0	8.065178693687526
855	монтажсэндвич-панелей	588.0	36.888331242158095	624.0	8.544433794331097
1024	планировкаверхаземляногополотнаобочиноткосов	588.0	36.888331242158095	589.0	8.065178693687526
999	покрытиеизоляции	582.0	36.51191969887076	598.0	8.1884157195673
945	монтажстоекиполок	581.0	36.449184441656215	611.0	8.366424756949199
1081	устройствосекцийметалическогоограждения	578.0	36.26097867001255	578.0	7.9145556620566895
1074	0x7	578.0	36.26097867001255	578.0	7.9145556620566895
1088	проведениегидроиспытаниярвс=10000	577.0	36.19824341279799	577.0	7.900862659181159
1079	окнадвери	576.0	36.13550815558344	578.0	7.9145556620566895
1072	устройствоколодцев	576.0	36.13550815558344	579.0	7.9282486649322195
1119	укладкапдн	573.0	35.94730238393977	573.0	7.846090647679035
1178	монтажсантехническихприборов	568.0	35.633626097867	568.0	7.7776256333013825
1199	ресфакт	567.0	35.570890840652446	567.0	7.763932630425853
1194	обородованиекондиционирования	567.0	35.570890840652446	567.0	7.763932630425853
1196	респлан	567.0	35.570890840652446	567.0	7.763932630425853
1110	смрэлектрпож	567.0	35.570890840652446	574.0	7.859783650554567
1057	гидравлическоеиспытаниетрубопроводов	566.0	35.5081555834379	581.0	7.955634670683281
1067	огнезащита	565.0	35.445420326223335	580.0	7.94194166780775
1244	монтажпластиковыхтруб	565.0	35.445420326223335	565.0	7.736546624674791
1233	монтажнаружныхкалитокворот	564.0	35.38268506900879	565.0	7.736546624674791
1248	смракзизолм3	564.0	35.38268506900879	564.0	7.722853621799261
1255	монтажэлементовметаллическогокаркаса	564.0	35.38268506900879	564.0	7.722853621799261
1263	ком	563.0	35.319949811794224	564.0	7.722853621799261
1373	акзбоковойповерхностиметалическихсвай	557.0	34.9435382685069	558.0	7.640695604546077
1414	очисткаповерхностипередакз	555.0	34.818067754077795	555.0	7.5996165959194855
1419	грунтовкаповерхностипередакз	555.0	34.818067754077795	555.0	7.5996165959194855
88	итр	554.0	34.75533249686324	2595.0	35.53334246200192
1416	очисткаотснега	554.0	34.75533249686324	555.0	7.5996165959194855
1430	монтажзрасистемовивк	553.0	34.692597239648684	553.0	7.572230590168425
1484	монтажоборудованияасутпкипиаислаботочныхсистем(связьсигнализация)	550.0	34.50439146800502	550.0	7.531151581541833
1486	смртруоц	550.0	34.50439146800502	550.0	7.531151581541833
325	расключениесиловыхкабелей	548.0	34.37892095357591	1062.0	14.541969053813503
897	сваркатрубопровода	548.0	34.37892095357591	613.0	8.39381076270026
1504	защитаоткоррозии	547.0	34.31618569636136	547.0	7.49007257291524
1507	смрстык	546.0	34.253450439146796	546.0	7.476379570039709
1482	смробоасу	543.0	34.06524466750314	551.0	7.544844584417362
1522	устройствометалическогоограждения	539.0	33.814303638644915	539.0	7.380528549910996
1520	монтажэлектроприборов	538.0	33.75156838143036	539.0	7.380528549910996
1518	газ	537.0	33.68883312421581	540.0	7.394221552786526
1519	укладкагеотекстильногоматериала	537.0	33.68883312421581	540.0	7.394221552786526
1521	сборныйжелезобетон	537.0	33.68883312421581	539.0	7.380528549910996
1524	монтажтрудопроводовотопления	537.0	33.68883312421581	537.0	7.353142544159934
1525	монтажограждающихм/бконструкций	537.0	33.68883312421581	537.0	7.353142544159934
1526	дельта	537.0	33.68883312421581	537.0	7.353142544159934
1531	монтажлинейногопорталапс-35	537.0	33.68883312421581	537.0	7.353142544159934
1533	текущеерасчкол-ворес	537.0	33.68883312421581	537.0	7.353142544159934
1534	необходимоекол-водлязавершениявсрок	537.0	33.68883312421581	537.0	7.353142544159934
1535	укладкатротуарныхплит	537.0	33.68883312421581	537.0	7.353142544159934
1540	текущаявыработкавдень	536.0	33.626097867001256	536.0	7.339449541284404
1538	прогнозокончанияработыпритекущейвыработке	536.0	33.626097867001256	536.0	7.339449541284404
1539	прогноздоконцамесяцапритекущейвыработке	536.0	33.626097867001256	536.0	7.339449541284404
1548	итогоресурсов	532.0	33.37515683814304	532.0	7.2846775297822814
1559	необходимаявыработкадлязавершенияработвсрок	529.0	33.18695106649937	529.0	7.243598521155689
1605	ррсафиулин	518.0	32.49686323713927	518.0	7.092975489524853
1637	смрэлектршкаф	513.0	32.1831869510665	513.0	7.0245104751472
1691	смотривфакт→	507.0	31.80677540777917	507.0	6.942352457894016
1577	об	507.0	31.80677540777917	526.0	7.202519512529097
342	руководительпроекта	506.0	31.74404015056462	1037.0	14.199643981925236
1740	'рвпосмгсрасч'!	499.0	31.304893350062734	499.0	6.832808434889771
1756	трзфакт	498.0	31.242158092848182	498.0	6.81911543201424
118	текущаядата	498.0	31.242158092848182	2089.0	28.604683006983432
1747	трзплан	498.0	31.242158092848182	498.0	6.81911543201424
1755	расчтеккол-ворес	498.0	31.242158092848182	498.0	6.81911543201424
1750	трзнамесяц	498.0	31.242158092848182	498.0	6.81911543201424
1745	необхкол-воресдлядогонного	498.0	31.242158092848182	498.0	6.81911543201424
1964	смртрутпст	486.0	30.489335006273528	486.0	6.654799397507874
85	газорезчик	359.0	22.521957340025097	2665.0	36.49185266328906
96	инженернаяподготовка	308.0	19.32245922208281	2340.0	32.04162672874161
87	погружениесвай	264.0	16.56210790464241	2631.0	36.026290565521016
14	начало	258.0	16.18569636135508	4845.0	66.34259893194577
15	окончание	253.0	15.87202007528231	4815.0	65.93180884567987
86	км	183.0	11.480552070263487	2633.0	36.05367657127208
98	изготовлениесвай	132.0	8.281053952321205	2306.0	31.576064630973573
91	подготовительныеработы	105.0	6.587202007528231	2490.0	34.09557716007121
65	единицаизмерения	73.0	4.579673776662484	3192.0	43.70806517869369
103	электросварщик	66.0	4.1405269761606025	2205.0	30.19307134054498
37	ремонт	43.0	2.697616060225847	4315.0	59.085307407914556
79	машинистэкскаватора	31.0	1.944792973651192	2938.0	40.230042448308915
81	машинистбульдозера	21.0	1.3174404015056462	2742.0	37.54621388470491
90	га	15.0	0.9410288582183186	2532.0	34.67068328084349
41	люди	7.0	0.43914680050188204	4207.0	57.60646309735725
89	техника	6.0	0.37641154328732745	2569.0	35.17732438723812
67	гос№	5.0	0.3136762860727729	3121.0	42.73586197453101
59	видыработ	3.0	0.18820577164366373	3462.0	47.405175955086946
94	заказчик:	1.0	0.06273525721455457	2370.0	32.45241681500753
45	работывграфикемсгдолжнысоответствоватьработамиздетальногографика	0.0	0.0	3939.0	53.93673832671505
40	видремонта/потребностьвзапчастях	0.0	0.0	4218.0	57.75708612898809
39	наименованиеимаркатехники(механизма)оборудования	0.0	0.0	4218.0	57.75708612898809
38	"заказчик:ооо""газпромнефть-восток"""	0.0	0.0	4254.0	58.25003423250719
33	файлдолженназыватьсявсоответствиистекущейдатойвформатегодмесяцденьобъект(например20141225гтэс)	0.0	0.0	4319.0	59.14007941941668
29	наименованиедолжностейпрофессий	0.0	0.0	4323.0	59.1948514309188
48	"встолбце""количествовсегопопроекту""должнабытьпредставленаинформациясогласнорд"	0.0	0.0	3939.0	53.93673832671505
28	вмсгдолжнабытьзаполненаактуальнаяинформацияполюдямитехникеработающимнаобъекте	0.0	0.0	4324.0	59.20854443379433
27	еслиплановыесрокиработневыдерживаютсянужнопроставитьожидаемыесрокивыполненияработ	0.0	0.0	4366.0	59.78365055456661
22	дляработысмесячно-суточнымграфикомвыполненияработучитывайтеприведенныенижеинструкции	0.0	0.0	4386.0	60.05751061207722
20	общий%выполнения	0.0	0.0	4391.0	60.12597562645489
19	остатокповыполнению	0.0	0.0	4391.0	60.12597562645489
18	производстворабот	0.0	0.0	4392.0	60.13966862933041
17	днимес	0.0	0.0	4392.0	60.13966862933041
47	файлдолженвключатьвсебявсеработыкоторыепланируютсяквыполнениювследующеммесяце	0.0	0.0	3939.0	53.93673832671505
49	длясоставлениямсгнаследующиймесяцнеобходимоучитыватьследующиетребования:	0.0	0.0	3939.0	53.93673832671505
75	наименованиесубподряднойорганизации	0.0	0.0	3116.0	42.66739696015336
83	субподрядныеорганизации(люди)	0.0	0.0	2688.0	36.806791729426266
78	сварочныематериалыидругиемтр	0.0	0.0	2971.0	40.68191154320143
74	всегочасов	0.0	0.0	3116.0	42.66739696015336
73	часов	0.0	0.0	3116.0	42.66739696015336
72	простойчасов	0.0	0.0	3116.0	42.66739696015336
71	фиоводителя(механизатора)	0.0	0.0	3116.0	42.66739696015336
70	ожид	0.0	0.0	3117.0	42.68108996302889
69	%выполнениязамесяц	0.0	0.0	3117.0	42.68108996302889
68	кол-вовсегопопроекту	0.0	0.0	3118.0	42.69478296590442
63	наименованиеобъектовкапстроительствадолжносовпадатьснаименованиемврд	0.0	0.0	3260.0	44.63918937422977
57	приложение№9а	0.0	0.0	3580.0	49.02095029439956
52	срокипроизводстваработвмсгдолжнысоответствоватьграфикувыполненияработ(приложение2кдоговору)	0.0	0.0	3872.0	53.01930713405449
